"Status","Start Time","Stop Time","Duration in ms","Parent Suite","Suite","Sub Suite","Test Class","Test Method","Name","Description"
"failed","Sun May 31 18:53:15 MSK 2026","Sun May 31 18:53:15 MSK 2026","90","","AppTest","","AppTest","testFailedLogin","Ошибка LOGIN при отказе внешнего сервиса","Проверка ответа приложения, если внешний сервис вернул 401"
"passed","Sun May 31 18:53:15 MSK 2026","Sun May 31 18:53:15 MSK 2026","93","","AppTest","","AppTest","testInvalidTokenChars","Ошибка при запрещенных символах в токене","Передача токена с недопустимыми спецсимволами"
"passed","Sun May 31 18:53:16 MSK 2026","Sun May 31 18:53:16 MSK 2026","66","","AppTest","","AppTest","testActionWithoutLogin","Ошибка ACTION без предварительного LOGIN","Попытка выполнить действие для неавторизованного токена"
"passed","Sun May 31 18:53:16 MSK 2026","Sun May 31 18:53:16 MSK 2026","178","","AppTest","","AppTest","testLogout","Успешный LOGOUT пользователя","Проверка удаления токена из хранилища и невозможности ACTION после LOGOUT"
"passed","Sun May 31 18:53:15 MSK 2026","Sun May 31 18:53:15 MSK 2026","58","","AppTest","","AppTest","testInvalidApiKey","Ошибка авторизации при неверном X-Api-Key","Проверка доступа к эндпоинту с невалидным статическим ключом"
"passed","Sun May 31 18:53:15 MSK 2026","Sun May 31 18:53:15 MSK 2026","511","","AppTest","","AppTest","testSuccessfulAction","Успешное выполнение ACTION после LOGIN","Проверка цепочки LOGIN -> ACTION при успешных ответах внешнего сервиса"
"passed","Sun May 31 18:53:15 MSK 2026","Sun May 31 18:53:15 MSK 2026","53","","AppTest","","AppTest","testInvalidTokenLength","Ошибка при неверной длине токена","Передача токена длиной меньше 32 символов"
"passed","Sun May 31 18:53:15 MSK 2026","Sun May 31 18:53:16 MSK 2026","62","","AppTest","","AppTest","testSuccessfulLogin","Успешный LOGIN пользователя","Проверка сохранения токена при успешном ответе внешнего сервиса"
"passed","Sun May 31 18:53:12 MSK 2026","Sun May 31 18:53:14 MSK 2026","2647","","AppTest","","AppTest","testUnknownAction","Ошибка при неизвестном action","Передача экшена, которого нет в списке доступных"
